{
    "sum": 538.3586199743643,
    "priceList": [
        63.93118794933242,
        75.20665362035224,
        69.63880918220947,
        76.3026717557252,
        75.28453762635716,
        91.61668273866925,
        86.37807710171853
    ],
    "priceListNegative": [
        -91.61668273866925,
        -75.28453762635716,
        -86.37807710171853,
        -75.20665362035224,
        -63.93118794933242,
        -76.3026717557252,
        -69.63880918220947
    ]
}